id,titulo,autor,genero,paginas,status,data_inicio,data_fim,doado
1,Dom Casmurro,Machado de Assis,Romance,256,Lido,2025-01-05,2025-01-18,Nao
2,O Hobbit,J.R.R. Tolkien,Fantasia,310,Lido,2025-02-01,2025-02-12,Nao
3,Duna,Frank Herbert,Ficcao Cientifica,680,Lido,2025-03-01,2025-03-25,Nao
4,Orgulho e Preconceito,Jane Austen,Romance,424,Lido,2025-04-02,2025-04-20,Nao
5,Coraline,Neil Gaiman,Fantasia,176,Lido,2025-05-01,2025-05-05,Sim
6,Harry Potter e a Pedra Filosofal,J.K. Rowling,Fantasia,264,Lido,2025-05-10,2025-05-18,Nao
7,1984,George Orwell,Ficcao,328,Lido,2025-06-01,2025-06-14,Nao
8,O Pequeno Principe,Antoine de Saint-Exupery,Fabula,96,Lido,2025-06-20,2025-06-22,Sim
9,It a Coisa,Stephen King,Terror,1104,Nao lido,,,Nao
10,As Cronicas de Narnia,C.S. Lewis,Fantasia,768,Nao lido,,,Nao
11,A Revolucao dos Bichos,George Orwell,Ficcao,152,Lido,2025-07-03,2025-07-06,Nao
12,Extraordinario,R.J. Palacio,Drama,320,Lido,2025-07-15,2025-07-23,Nao
13,O Nome do Vento,Patrick Rothfuss,Fantasia,656,Nao lido,,,Nao
14,Persuasao,Jane Austen,Romance,288,Lido,2025-08-02,2025-08-10,Sim
15,Jogos Vorazes,Suzanne Collins,Dystopia,400,Lido,2025-08-15,2025-08-24,Nao